{
  "providers": {
    "awscloudformation": {
      "AuthRoleName": "amplify-taskmaster-dev-203032-authRole",
      "UnauthRoleArn": "arn:aws:iam::300903124465:role/amplify-taskmaster-dev-203032-unauthRole",
      "AuthRoleArn": "arn:aws:iam::300903124465:role/amplify-taskmaster-dev-203032-authRole",
      "Region": "us-east-1",
      "DeploymentBucketName": "amplify-taskmaster-dev-203032-deployment",
      "UnauthRoleName": "amplify-taskmaster-dev-203032-unauthRole",
      "StackName": "amplify-taskmaster-dev-203032",
      "StackId": "arn:aws:cloudformation:us-east-1:300903124465:stack/amplify-taskmaster-dev-203032/afc16710-feb7-11eb-8541-0a71dc7a3521",
      "AmplifyAppId": "d2p7xc029vupc1"
    }
  },
  "api": {
    "taskmaster": {
      "service": "AppSync",
      "providerPlugin": "awscloudformation",
      "output": {
        "authConfig": {
          "defaultAuthentication": {
            "authenticationType": "API_KEY",
            "apiKeyConfig": {
              "apiKeyExpirationDays": 50,
              "description": "taskmasterKey"
            }
          },
          "additionalAuthenticationProviders": []
        },
        "GraphQLAPIIdOutput": "wlkyvucjfrhynknycpyfnuzywu",
        "GraphQLAPIEndpointOutput": "https://czruafb34ffszmdr5cvefksh6m.appsync-api.us-east-1.amazonaws.com/graphql",
        "GraphQLAPIKeyOutput": "da2-fkgzrizzjjdwvl4nx5xiezwhbe"
      },
      "providerMetadata": {
        "s3TemplateURL": "https://s3.amazonaws.com/amplify-taskmaster-dev-203032-deployment/amplify-cfn-templates/api/cloudformation-template.json",
        "logicalId": "apitaskmaster"
      },
      "lastPushTimeStamp": "2021-08-16T19:02:04.469Z",
      "lastPushDirHash": "Il/gGjLPA4lTw6mFhMdjGpa4wxI="
    }
  }
}