{
    "UserAgent": "aws-amplify-cli/2.0",
    "Version": "1.0",
    "api": {
        "plugins": {
            "awsAPIPlugin": {
                "taskmaster": {
                    "endpointType": "GraphQL",
                    "endpoint": "https://czruafb34ffszmdr5cvefksh6m.appsync-api.us-east-1.amazonaws.com/graphql",
                    "region": "us-east-1",
                    "authorizationType": "API_KEY",
                    "apiKey": "da2-fkgzrizzjjdwvl4nx5xiezwhbe"
                }
            }
        }
    }
}