{
    "__schema": {
        "queryType": {
            "name": "Query"
        },
        "mutationType": {
            "name": "Mutation"
        },
        "subscriptionType": {
            "name": "Subscription"
        },
        "types": [
            {
                "kind": "OBJECT",
                "name": "Query",
                "description": null,
                "fields": [
                    {
                        "name": "getTodo",
                        "description": null,
                        "args": [
                            {
                                "name": "id",
                                "description": null,
                                "type": {
                                    "kind": "NON_NULL",
                                    "name": null,
                                    "ofType": {
                                        "kind": "SCALAR",
                                        "name": "ID",
                                        "ofType": null
                                    }
                                },
                                "defaultValue": null
                            }
                        ],
                        "type": {
                            "kind": "OBJECT",
                            "name": "Todo",
                            "ofType": null
                        },
                        "isDeprecated": false,
                        "deprecationReason": null
                    },
                    {
                        "name": "listTodos",
                        "description": null,
                        "args": [
                            {
                                "name": "filter",
                                "description": null,
                                "type": {
                                    "kind": "INPUT_OBJECT",
                                    "name": "ModelTodoFilterInput",
                                    "ofType": null
                                },
                                "defaultValue": null
                            },
                            {
                                "name": "limit",
                                "description": null,
                                "type": {
                                    "kind": "SCALAR",
                                    "name": "Int",
                                    "ofType": null
                                },
                                "defaultValue": null
                            },
                            {
                                "name": "nextToken",
                                "description": null,
                                "type": {
                                    "kind": "SCALAR",
                                    "name": "String",
                                    "ofType": null
                                },
                                "defaultValue": null
                            }
                        ],
                        "type": {
                            "kind": "OBJECT",
                            "name": "ModelTodoConnection",
                            "ofType": null
                        },
                        "isDeprecated": false,
                        "deprecationReason": null
                    }
                ],
                "inputFields": null,
                "interfaces": [],
                "enumValues": null,
                "possibleTypes": null
            },
            {
                "kind": "SCALAR",
                "name": "ID",
                "description": "The `ID` scalar type represents a unique identifier, often used to refetch an object or as key for a cache. The ID type appears in a JSON response as a String; however, it is not intended to be human-readable. When expected as an input type, any string (such as `\"4\"`) or integer (such as `4`) input value will be accepted as an ID.",
                "fields": null,
                "inputFields": null,
                "interfaces": null,
                "enumValues": null,
                "possibleTypes": null
            },
            {
                "kind": "OBJECT",
                "name": "Todo",
                "description": null,
                "fields": [
                    {
                        "name": "id",
                        "description": null,
                        "args": [],
                        "type": {
                            "kind": "NON_NULL",
                            "name": null,
                            "ofType": {
                                "kind": "SCALAR",
                                "name": "ID",
                                "ofType": null
                            }
                        },
                        "isDeprecated": false,
                        "deprecationReason": null
                    },
                    {
                        "name": "name",
                        "description": null,
                        "args": [],
                        "type": {
                            "kind": "NON_NULL",
                            "name": null,
                            "ofType": {
                                "kind": "SCALAR",
                                "name": "String",
                                "ofType": null
                            }
                        },
                        "isDeprecated": false,
                        "deprecationReason": null
                    },
                    {
                        "name": "description",
                        "description": null,
                        "args": [],
                        "type": {
                            "kind": "SCALAR",
                            "name": "String",
                            "ofType": null
                        },
                        "isDeprecated": false,
                        "deprecationReason": null
                    },
                    {
                        "name": "createdAt",
                        "description": null,
                        "args": [],
                        "type": {
                            "kind": "NON_NULL",
                            "name": null,
                            "ofType": {
                                "kind": "SCALAR",
                                "name": "AWSDateTime",
                                "ofType": null
                            }
                        },
                        "isDeprecated": false,
                        "deprecationReason": null
                    },
                    {
                        "name": "updatedAt",
                        "description": null,
                        "args": [],
                        "type": {
                            "kind": "NON_NULL",
                            "name": null,
                            "ofType": {
                                "kind": "SCALAR",
                                "name": "AWSDateTime",
                                "ofType": null
                            }
                        },
                        "isDeprecated": false,
                        "deprecationReason": null
                    }
                ],
                "inputFields": null,
                "interfaces": [],
                "enumValues": null,
                "possibleTypes": null
            },
            {
                "kind": "SCALAR",
                "name": "String",
                "description": "The `String` scalar type represents textual data, represented as UTF-8 character sequences. The String type is most often used by GraphQL to represent free-form human-readable text.",
                "fields": null,
                "inputFields": null,
                "interfaces": null,
                "enumValues": null,
                "possibleTypes": null
            },
            {
                "kind": "SCALAR",
                "name": "AWSDateTime",
                "description": null,
                "fields": null,
                "inputFields": null,
                "interfaces": null,
                "enumValues": null,
                "possibleTypes": null
            },
            {
                "kind": "INPUT_OBJECT",
                "name": "ModelTodoFilterInput",
                "description": null,
                "fields": null,
                "inputFields": [
                    {
                        "name": "id",
                        "description": null,
                        "type": {
                            "kind": "INPUT_OBJECT",
                            "name": "ModelIDInput",
                            "ofType": null
                        },
                        "defaultValue": null
                    },
                    {
                        "name": "name",
                        "description": null,
                        "type": {
                            "kind": "INPUT_OBJECT",
                            "name": "ModelStringInput",
                            "ofType": null
                        },
                        "defaultValue": null
                    },
                    {
                        "name": "description",
                        "description": null,
                        "type": {
                            "kind": "INPUT_OBJECT",
                            "name": "ModelStringInput",
                            "ofType": null
                        },
                        "defaultValue": null
                    },
                    {
                        "name": "and",
                        "description": null,
                        "type": {
                            "kind": "LIST",
                            "name": null,
                            "ofType": {
                                "kind": "INPUT_OBJECT",
                                "name": "ModelTodoFilterInput",
                                "ofType": null
                            }
                        },
                        "defaultValue": null
                    },
                    {
                        "name": "or",
                        "description": null,
                        "type": {
                            "kind": "LIST",
                            "name": null,
                            "ofType": {
                                "kind": "INPUT_OBJECT",
                                "name": "ModelTodoFilterInput",
                                "ofType": null
                            }
                        },
                        "defaultValue": null
                    },
                    {
                        "name": "not",
                        "description": null,
                        "type": {
                            "kind": "INPUT_OBJECT",
                            "name": "ModelTodoFilterInput",
                            "ofType": null
                        },
                        "defaultValue": null
                    }
                ],
                "interfaces": null,
                "enumValues": null,
                "possibleTypes": null
            },
            {
                "kind": "INPUT_OBJECT",
                "name": "ModelIDInput",
                "description": null,
                "fields": null,
                "inputFields": [
                    {
                        "name": "ne",
                        "description": null,
                        "type": {
                            "kind": "SCALAR",
                            "name": "ID",
                            "ofType": null
                        },
                        "defaultValue": null
                    },
                    {
                        "name": "eq",
                        "description": null,
                        "type": {
                            "kind": "SCALAR",
                            "name": "ID",
                            "ofType": null
                        },
                        "defaultValue": null
                    },
                    {
                        "name": "le",
                        "description": null,
                        "type": {
                            "kind": "SCALAR",
                            "name": "ID",
                            "ofType": null
                        },
                        "defaultValue": null
                    },
                    {
                        "name": "lt",
                        "description": null,
                        "type": {
                            "kind": "SCALAR",
                            "name": "ID",
                            "ofType": null
                        },
                        "defaultValue": null
                    },
                    {
                        "name": "ge",
                        "description": null,
                        "type": {
                            "kind": "SCALAR",
                            "name": "ID",
                            "ofType": null
                        },
                        "defaultValue": null
                    },
                    {
                        "name": "gt",
                        "description": null,
                        "type": {
                            "kind": "SCALAR",
                            "name": "ID",
                            "ofType": null
                        },
                        "defaultValue": null
                    },
                    {
                        "name": "contains",
                        "description": null,
                        "type": {
                            "kind": "SCALAR",
                            "name": "ID",
                            "ofType": null
                        },
                        "defaultValue": null
                    },
                    {
                        "name": "notContains",
                        "description": null,
                        "type": {
                            "kind": "SCALAR",
                            "name": "ID",
                            "ofType": null
                        },
                        "defaultValue": null
                    },
                    {
                        "name": "between",
                        "description": null,
                        "type": {
                            "kind": "LIST",
                            "name": null,
                            "ofType": {
                                "kind": "SCALAR",
                                "name": "ID",
                                "ofType": null
                            }
                        },
                        "defaultValue": null
                    },
                    {
                        "name": "beginsWith",
                        "description": null,
                        "type": {
                            "kind": "SCALAR",
                            "name": "ID",
                            "ofType": null
                        },
                        "defaultValue": null
                    },
                    {
                        "name": "attributeExists",
                        "description": null,
                        "type": {
                            "kind": "SCALAR",
                            "name": "Boolean",
                            "ofType": null
                        },
                        "defaultValue": null
                    },
                    {
                        "name": "attributeType",
                        "description": null,
                        "type": {
                            "kind": "ENUM",
                            "name": "ModelAttributeTypes",
                            "ofType": null
                        },
                        "defaultValue": null
                    },
                    {
                        "name": "size",
                        "description": null,
                        "type": {
                            "kind": "INPUT_OBJECT",
                            "name": "ModelSizeInput",
                            "ofType": null
                        },
                        "defaultValue": null
                    }
                ],
                "interfaces": null,
                "enumValues": null,
                "possibleTypes": null
            },
            {
                "kind": "SCALAR",
                "name": "Boolean",
                "description": "The `Boolean` scalar type represents `true` or `false`.",
                "fields": null,
                "inputFields": null,
                "interfaces": null,
                "enumValues": null,
                "possibleTypes": null
            },
            {
                "kind": "ENUM",
                "name": "ModelAttributeTypes",
                "description": null,
                "fields": null,
                "inputFields": null,
                "interfaces": null,
                "enumValues": [
                    {
                        "name": "binary",
                        "description": null,
                        "isDeprecated": false,
                        "deprecationReason": null
                    },
                    {
                        "name": "binarySet",
                        "description": null,
                        "isDeprecated": false,
                        "deprecationReason": null
                    },
                    {
                        "name": "bool",
                        "description": null,
                        "isDeprecated": false,
                        "deprecationReason": null
                    },
                    {
                        "name": "list",
                        "description": null,
                        "isDeprecated": false,
                        "deprecationReason": null
                    },
                    {
                        "name": "map",
                        "description": null,
                        "isDeprecated": false,
                        "deprecationReason": null
                    },
                    {
                        "name": "number",
                        "description": null,
                        "isDeprecated": false,
                        "deprecationReason": null
                    },
                    {
                        "name": "numberSet",
                        "description": null,
                        "isDeprecated": false,
                        "deprecationReason": null
                    },
                    {
                        "name": "string",
                        "description": null,
                        "isDeprecated": false,
                        "deprecationReason": null
                    },
                    {
                        "name": "stringSet",
                        "description": null,
                        "isDeprecated": false,
                        "deprecationReason": null
                    },
                    {
                        "name": "_null",
                        "description": null,
                        "isDeprecated": false,
                        "deprecationReason": null
                    }
                ],
                "possibleTypes": null
            },
            {
                "kind": "INPUT_OBJECT",
                "name": "ModelSizeInput",
                "description": null,
                "fields": null,
                "inputFields": [
                    {
                        "name": "ne",
                        "description": null,
                        "type": {
                            "kind": "SCALAR",
                            "name": "Int",
                            "ofType": null
                        },
                        "defaultValue": null
                    },
                    {
                        "name": "eq",
                        "description": null,
                        "type": {
                            "kind": "SCALAR",
                            "name": "Int",
                            "ofType": null
                        },
                        "defaultValue": null
                    },
                    {
                        "name": "le",
                        "description": null,
                        "type": {
                            "kind": "SCALAR",
                            "name": "Int",
                            "ofType": null
                        },
                        "defaultValue": null
                    },
                    {
                        "name": "lt",
                        "description": null,
                        "type": {
                            "kind": "SCALAR",
                            "name": "Int",
                            "ofType": null
                        },
                        "defaultValue": null
                    },
                    {
                        "name": "ge",
                        "description": null,
                        "type": {
                            "kind": "SCALAR",
                            "name": "Int",
                            "ofType": null
                        },
                        "defaultValue": null
                    },
                    {
                        "name": "gt",
                        "description": null,
                        "type": {
                            "kind": "SCALAR",
                            "name": "Int",
                            "ofType": null
                        },
                        "defaultValue": null
                    },
                    {
                        "name": "between",
                        "description": null,
                        "type": {
                            "kind": "LIST",
                            "name": null,
                            "ofType": {
                                "kind": "SCALAR",
                                "name": "Int",
                                "ofType": null
                            }
                        },
                        "defaultValue": null
                    }
                ],
                "interfaces": null,
                "enumValues": null,
                "possibleTypes": null
            },
            {
                "kind": "SCALAR",
                "name": "Int",
                "description": "The `Int` scalar type represents non-fractional signed whole numeric values. Int can represent values between -(2^31) and 2^31 - 1.",
                "fields": null,
                "inputFields": null,
                "interfaces": null,
                "enumValues": null,
                "possibleTypes": null
            },
            {
                "kind": "INPUT_OBJECT",
                "name": "ModelStringInput",
                "description": null,
                "fields": null,
                "inputFields": [
                    {
                        "name": "ne",
                        "description": null,
                        "type": {
                            "kind": "SCALAR",
                            "name": "String",
                            "ofType": null
                        },
                        "defaultValue": null
                    },
                    {
                        "name": "eq",
                        "description": null,
                        "type": {
                            "kind": "SCALAR",
                            "name": "String",
                            "ofType": null
                        },
                        "defaultValue": null
                    },
                    {
                        "name": "le",
                        "description": null,
                        "type": {
                            "kind": "SCALAR",
                            "name": "String",
                            "ofType": null
                        },
                        "defaultValue": null
                    },
                    {
                        "name": "lt",
                        "description": null,
                        "type": {
                            "kind": "SCALAR",
                            "name": "String",
                            "ofType": null
                        },
                        "defaultValue": null
                    },
                    {
                        "name": "ge",
                        "description": null,
                        "type": {
                            "kind": "SCALAR",
                            "name": "String",
                            "ofType": null
                        },
                        "defaultValue": null
                    },
                    {
                        "name": "gt",
                        "description": null,
                        "type": {
                            "kind": "SCALAR",
                            "name": "String",
                            "ofType": null
                        },
                        "defaultValue": null
                    },
                    {
                        "name": "contains",
                        "description": null,
                        "type": {
                            "kind": "SCALAR",
                            "name": "String",
                            "ofType": null
                        },
                        "defaultValue": null
                    },
                    {
                        "name": "notContains",
                        "description": null,
                        "type": {
                            "kind": "SCALAR",
                            "name": "String",
                            "ofType": null
                        },
                        "defaultValue": null
                    },
                    {
                        "name": "between",
                        "description": null,
                        "type": {
                            "kind": "LIST",
                            "name": null,
                            "ofType": {
                                "kind": "SCALAR",
                                "name": "String",
                                "ofType": null
                            }
                        },
                        "defaultValue": null
                    },
                    {
                        "name": "beginsWith",
                        "description": null,
                        "type": {
                            "kind": "SCALAR",
                            "name": "String",
                            "ofType": null
                        },
                        "defaultValue": null
                    },
                    {
                        "name": "attributeExists",
                        "description": null,
                        "type": {
                            "kind": "SCALAR",
                            "name": "Boolean",
                            "ofType": null
                        },
                        "defaultValue": null
                    },
                    {
                        "name": "attributeType",
                        "description": null,
                        "type": {
                            "kind": "ENUM",
                            "name": "ModelAttributeTypes",
                            "ofType": null
                        },
                        "defaultValue": null
                    },
                    {
                        "name": "size",
                        "description": null,
                        "type": {
                            "kind": "INPUT_OBJECT",
                            "name": "ModelSizeInput",
                            "ofType": null
                        },
                        "defaultValue": null
                    }
                ],
                "interfaces": null,
                "enumValues": null,
                "possibleTypes": null
            },
            {
                "kind": "OBJECT",
                "name": "ModelTodoConnection",
                "description": null,
                "fields": [
                    {
                        "name": "items",
                        "description": null,
                        "args": [],
                        "type": {
                            "kind": "LIST",
                            "name": null,
                            "ofType": {
                                "kind": "OBJECT",
                                "name": "Todo",
                                "ofType": null
                            }
                        },
                        "isDeprecated": false,
                        "deprecationReason": null
                    },
                    {
                        "name": "nextToken",
                        "description": null,
                        "args": [],
                        "type": {
                            "kind": "SCALAR",
                            "name": "String",
                            "ofType": null
                        },
                        "isDeprecated": false,
                        "deprecationReason": null
                    }
                ],
                "inputFields": null,
                "interfaces": [],
                "enumValues": null,
                "possibleTypes": null
            },
            {
                "kind": "OBJECT",
                "name": "Mutation",
                "description": null,
                "fields": [
                    {
                        "name": "createTodo",
                        "description": null,
                        "args": [
                            {
                                "name": "input",
                                "description": null,
                                "type": {
                                    "kind": "NON_NULL",
                                    "name": null,
                                    "ofType": {
                                        "kind": "INPUT_OBJECT",
                                        "name": "CreateTodoInput",
                                        "ofType": null
                                    }
                                },
                                "defaultValue": null
                            },
                            {
                                "name": "condition",
                                "description": null,
                                "type": {
                                    "kind": "INPUT_OBJECT",
                                    "name": "ModelTodoConditionInput",
                                    "ofType": null
                                },
                                "defaultValue": null
                            }
                        ],
                        "type": {
                            "kind": "OBJECT",
                            "name": "Todo",
                            "ofType": null
                        },
                        "isDeprecated": false,
                        "deprecationReason": null
                    },
                    {
                        "name": "updateTodo",
                        "description": null,
                        "args": [
                            {
                                "name": "input",
                                "description": null,
                                "type": {
                                    "kind": "NON_NULL",
                                    "name": null,
                                    "ofType": {
                                        "kind": "INPUT_OBJECT",
                                        "name": "UpdateTodoInput",
                                        "ofType": null
                                    }
                                },
                                "defaultValue": null
                            },
                            {
                                "name": "condition",
                                "description": null,
                                "type": {
                                    "kind": "INPUT_OBJECT",
                                    "name": "ModelTodoConditionInput",
                                    "ofType": null
                                },
                                "defaultValue": null
                            }
                        ],
                        "type": {
                            "kind": "OBJECT",
                            "name": "Todo",
                            "ofType": null
                        },
                        "isDeprecated": false,
                        "deprecationReason": null
                    },
                    {
                        "name": "deleteTodo",
                        "description": null,
                        "args": [
                            {
                                "name": "input",
                                "description": null,
                                "type": {
                                    "kind": "NON_NULL",
                                    "name": null,
                                    "ofType": {
                                        "kind": "INPUT_OBJECT",
                                        "name": "DeleteTodoInput",
                                        "ofType": null
                                    }
                                },
                                "defaultValue": null
                            },
                            {
                                "name": "condition",
                                "description": null,
                                "type": {
                                    "kind": "INPUT_OBJECT",
                                    "name": "ModelTodoConditionInput",
                                    "ofType": null
                                },
                                "defaultValue": null
                            }
                        ],
                        "type": {
                            "kind": "OBJECT",
                            "name": "Todo",
                            "ofType": null
                        },
                        "isDeprecated": false,
                        "deprecationReason": null
                    }
                ],
                "inputFields": null,
                "interfaces": [],
                "enumValues": null,
                "possibleTypes": null
            },
            {
                "kind": "INPUT_OBJECT",
                "name": "CreateTodoInput",
                "description": null,
                "fields": null,
                "inputFields": [
                    {
                        "name": "id",
                        "description": null,
                        "type": {
                            "kind": "SCALAR",
                            "name": "ID",
                            "ofType": null
                        },
                        "defaultValue": null
                    },
                    {
                        "name": "name",
                        "description": null,
                        "type": {
                            "kind": "NON_NULL",
                            "name": null,
                            "ofType": {
                                "kind": "SCALAR",
                                "name": "String",
                                "ofType": null
                            }
                        },
                        "defaultValue": null
                    },
                    {
                        "name": "description",
                        "description": null,
                        "type": {
                            "kind": "SCALAR",
                            "name": "String",
                            "ofType": null
                        },
                        "defaultValue": null
                    }
                ],
                "interfaces": null,
                "enumValues": null,
                "possibleTypes": null
            },
            {
                "kind": "INPUT_OBJECT",
                "name": "ModelTodoConditionInput",
                "description": null,
                "fields": null,
                "inputFields": [
                    {
                        "name": "name",
                        "description": null,
                        "type": {
                            "kind": "INPUT_OBJECT",
                            "name": "ModelStringInput",
                            "ofType": null
                        },
                        "defaultValue": null
                    },
                    {
                        "name": "description",
                        "description": null,
                        "type": {
                            "kind": "INPUT_OBJECT",
                            "name": "ModelStringInput",
                            "ofType": null
                        },
                        "defaultValue": null
                    },
                    {
                        "name": "and",
                        "description": null,
                        "type": {
                            "kind": "LIST",
                            "name": null,
                            "ofType": {
                                "kind": "INPUT_OBJECT",
                                "name": "ModelTodoConditionInput",
                                "ofType": null
                            }
                        },
                        "defaultValue": null
                    },
                    {
                        "name": "or",
                        "description": null,
                        "type": {
                            "kind": "LIST",
                            "name": null,
                            "ofType": {
                                "kind": "INPUT_OBJECT",
                                "name": "ModelTodoConditionInput",
                                "ofType": null
                            }
                        },
                        "defaultValue": null
                    },
                    {
                        "name": "not",
                        "description": null,
                        "type": {
                            "kind": "INPUT_OBJECT",
                            "name": "ModelTodoConditionInput",
                            "ofType": null
                        },
                        "defaultValue": null
                    }
                ],
                "interfaces": null,
                "enumValues": null,
                "possibleTypes": null
            },
            {
                "kind": "INPUT_OBJECT",
                "name": "UpdateTodoInput",
                "description": null,
                "fields": null,
                "inputFields": [
                    {
                        "name": "id",
                        "description": null,
                        "type": {
                            "kind": "NON_NULL",
                            "name": null,
                            "ofType": {
                                "kind": "SCALAR",
                                "name": "ID",
                                "ofType": null
                            }
                        },
                        "defaultValue": null
                    },
                    {
                        "name": "name",
                        "description": null,
                        "type": {
                            "kind": "SCALAR",
                            "name": "String",
                            "ofType": null
                        },
                        "defaultValue": null
                    },
                    {
                        "name": "description",
                        "description": null,
                        "type": {
                            "kind": "SCALAR",
                            "name": "String",
                            "ofType": null
                        },
                        "defaultValue": null
                    }
                ],
                "interfaces": null,
                "enumValues": null,
                "possibleTypes": null
            },
            {
                "kind": "INPUT_OBJECT",
                "name": "DeleteTodoInput",
                "description": null,
                "fields": null,
                "inputFields": [
                    {
                        "name": "id",
                        "description": null,
                        "type": {
                            "kind": "NON_NULL",
                            "name": null,
                            "ofType": {
                                "kind": "SCALAR",
                                "name": "ID",
                                "ofType": null
                            }
                        },
                        "defaultValue": null
                    }
                ],
                "interfaces": null,
                "enumValues": null,
                "possibleTypes": null
            },
            {
                "kind": "OBJECT",
                "name": "Subscription",
                "description": null,
                "fields": [
                    {
                        "name": "onCreateTodo",
                        "description": null,
                        "args": [],
                        "type": {
                            "kind": "OBJECT",
                            "name": "Todo",
                            "ofType": null
                        },
                        "isDeprecated": false,
                        "deprecationReason": null
                    },
                    {
                        "name": "onUpdateTodo",
                        "description": null,
                        "args": [],
                        "type": {
                            "kind": "OBJECT",
                            "name": "Todo",
                            "ofType": null
                        },
                        "isDeprecated": false,
                        "deprecationReason": null
                    },
                    {
                        "name": "onDeleteTodo",
                        "description": null,
                        "args": [],
                        "type": {
                            "kind": "OBJECT",
                            "name": "Todo",
                            "ofType": null
                        },
                        "isDeprecated": false,
                        "deprecationReason": null
                    }
                ],
                "inputFields": null,
                "interfaces": [],
                "enumValues": null,
                "possibleTypes": null
            },
            {
                "kind": "OBJECT",
                "name": "__Schema",
                "description": "A GraphQL Schema defines the capabilities of a GraphQL server. It exposes all available types and directives on the server, as well as the entry points for query, mutation, and subscription operations.",
                "fields": [
                    {
                        "name": "types",
                        "description": "A list of all types supported by this server.",
                        "args": [],
                        "type": {
                            "kind": "NON_NULL",
                            "name": null,
                            "ofType": {
                                "kind": "LIST",
                                "name": null,
                                "ofType": {
                                    "kind": "NON_NULL",
                                    "name": null,
                                    "ofType": {
                                        "kind": "OBJECT",
                                        "name": "__Type",
                                        "ofType": null
                                    }
                                }
                            }
                        },
                        "isDeprecated": false,
                        "deprecationReason": null
                    },
                    {
                        "name": "queryType",
                        "description": "The type that query operations will be rooted at.",
                        "args": [],
                        "type": {
                            "kind": "NON_NULL",
                            "name": null,
                            "ofType": {
                                "kind": "OBJECT",
                                "name": "__Type",
                                "ofType": null
                            }
                        },
                        "isDeprecated": false,
                        "deprecationReason": null
                    },
                    {
                        "name": "mutationType",
                        "description": "If this server supports mutation, the type that mutation operations will be rooted at.",
                        "args": [],
                        "type": {
                            "kind": "OBJECT",
                            "name": "__Type",
                            "ofType": null
                        },
                        "isDeprecated": false,
                        "deprecationReason": null
                    },
                    {
                        "name": "subscriptionType",
                        "description": "If this server support subscription, the type that subscription operations will be rooted at.",
                        "args": [],
                        "type": {
                            "kind": "OBJECT",
                            "name": "__Type",
                            "ofType": null
                        },
                        "isDeprecated": false,
                        "deprecationReason": null
                    },
                    {
                        "name": "directives",
                        "description": "A list of all directives supported by this server.",
                        "args": [],
                        "type": {
                            "kind": "NON_NULL",
                            "name": null,
                            "ofType": {
                                "kind": "LIST",
                                "name": null,
                                "ofType": {
                                    "kind": "NON_NULL",
                                    "name": null,
                                    "ofType": {
                                        "kind": "OBJECT",
                                        "name": "__Directive",
                                        "ofType": null
                                    }
                                }
                            }
                        },
                        "isDeprecated": false,
                        "deprecationReason": null
                    }
                ],
                "inputFields": null,
                "interfaces": [],
                "enumValues": null,
                "possibleTypes": null
            },
            {
                "kind": "OBJECT",
                "name": "__Type",
                "description": "The fundamental unit of any GraphQL Schema is the type. There are many kinds of types in GraphQL as represented by the `__TypeKind` enum.\n\nDepending on the kind of a type, certain fields describe information about that type. Scalar types provide no information beyond a name and description, while Enum types provide their values. Object and Interface types provide the fields they describe. Abstract types, Union and Interface, provide the Object types possible at runtime. List and NonNull types compose other types.",
                "fields": [
                    {
                        "name": "kind",
                        "description": null,
                        "args": [],
                        "type": {
                            "kind": "NON_NULL",
                            "name": null,
                            "ofType": {
                                "kind": "ENUM",
                                "name": "__TypeKind",
                                "ofType": null
                            }
                        },
                        "isDeprecated": false,
                        "deprecationReason": null
                    },
                    {
                        "name": "name",
                        "description": null,
                        "args": [],
                        "type": {
                            "kind": "SCALAR",
                            "name": "String",
                            "ofType": null
                        },
                        "isDeprecated": false,
                        "deprecationReason": null
                    },
                    {
                        "name": "description",
                        "description": null,
                        "args": [],
                        "type": {
                            "kind": "SCALAR",
                            "name": "String",
                            "ofType": null
                        },
                        "isDeprecated": false,
                        "deprecationReason": null
                    },
                    {
                        "name": "fields",
                        "description": null,
                        "args": [
                            {
                                "name": "includeDeprecated",
                                "description": null,
                                "type": {
                                    "kind": "SCALAR",
                                    "name": "Boolean",
                                    "ofType": null
                                },
                                "defaultValue": "false"
                            }
                        ],
                        "type": {
                            "kind": "LIST",
                            "name": null,
                            "ofType": {
                                "kind": "NON_NULL",
                                "name": null,
                                "ofType": {
                                    "kind": "OBJECT",
                                    "name": "__Field",
                                    "ofType": null
                                }
                            }
                        },
                        "isDeprecated": false,
                        "deprecationReason": null
                    },
                    {
                        "name": "interfaces",
                        "description": null,
                        "args": [],
                        "type": {
                            "kind": "LIST",
                            "name": null,
                            "ofType": {
                                "kind": "NON_NULL",
                                "name": null,
                                "ofType": {
                                    "kind": "OBJECT",
                                    "name": "__Type",
                                    "ofType": null
                                }
                            }
                        },
                        "isDeprecated": false,
                        "deprecationReason": null
                    },
                    {
                        "name": "possibleTypes",
                        "description": null,
                        "args": [],
                        "type": {
                            "kind": "LIST",
                            "name": null,
                            "ofType": {
                                "kind": "NON_NULL",
                                "name": null,
                                "ofType": {
                                    "kind": "OBJECT",
                                    "name": "__Type",
                                    "ofType": null
                                }
                            }
                        },
                        "isDeprecated": false,
                        "deprecationReason": null
                    },
                    {
                        "name": "enumValues",
                        "description": null,
                        "args": [
                            {
                                "name": "includeDeprecated",
                                "description": null,
                                "type": {
                                    "kind": "SCALAR",
                                    "name": "Boolean",
                                    "ofType": null
                                },
                                "defaultValue": "false"
                            }
                        ],
                        "type": {
                            "kind": "LIST",
                            "name": null,
                            "ofType": {
                                "kind": "NON_NULL",
                                "name": null,
                                "ofType": {
                                    "kind": "OBJECT",
                                    "name": "__EnumValue",
                                    "ofType": null
                                }
                            }
                        },
                        "isDeprecated": false,
                        "deprecationReason": null
                    },
                    {
                        "name": "inputFields",
                        "description": null,
                        "args": [],
                        "type": {
                            "kind": "LIST",
                            "name": null,
                            "ofType": {
                                "kind": "NON_NULL",
                                "name": null,
                                "ofType": {
                                    "kind": "OBJECT",
                                    "name": "__InputValue",
                                    "ofType": null
                                }
                            }
                        },
                        "isDeprecated": false,
                        "deprecationReason": null
                    },
                    {
                        "name": "ofType",
                        "description": null,
                        "args": [],
                        "type": {
                            "kind": "OBJECT",
                            "name": "__Type",
                            "ofType": null
                        },
                        "isDeprecated": false,
                        "deprecationReason": null
                    }
                ],
                "inputFields": null,
                "interfaces": [],
                "enumValues": null,
                "possibleTypes": null
            },
            {
                "kind": "ENUM",
                "name": "__TypeKind",
                "description": "An enum describing what kind of type a given `__Type` is.",
                "fields": null,
                "inputFields": null,
                "interfaces": null,
                "enumValues": [
                    {
                        "name": "SCALAR",
                        "description": "Indicates this type is a scalar.",
                        "isDeprecated": false,
                        "deprecationReason": null
                    },
                    {
                        "name": "OBJECT",
                        "description": "Indicates this type is an object. `fields` and `interfaces` are valid fields.",
                        "isDeprecated": false,
                        "deprecationReason": null
                    },
                    {
                        "name": "INTERFACE",
                        "description": "Indicates this type is an interface. `fields` and `possibleTypes` are valid fields.",
                        "isDeprecated": false,
                        "deprecationReason": null
                    },
                    {
                        "name": "UNION",
                        "description": "Indicates this type is a union. `possibleTypes` is a valid field.",
                        "isDeprecated": false,
                        "deprecationReason": null
                    },
                    {
                        "name": "ENUM",
                        "description": "Indicates this type is an enum. `enumValues` is a valid field.",
                        "isDeprecated": false,
                        "deprecationReason": null
                    },
                    {
                        "name": "INPUT_OBJECT",
                        "description": "Indicates this type is an input object. `inputFields` is a valid field.",
                        "isDeprecated": false,
                        "deprecationReason": null
                    },
                    {
                        "name": "LIST",
                        "description": "Indicates this type is a list. `ofType` is a valid field.",
                        "isDeprecated": false,
                        "deprecationReason": null
                    },
                    {
                        "name": "NON_NULL",
                        "description": "Indicates this type is a non-null. `ofType` is a valid field.",
                        "isDeprecated": false,
                        "deprecationReason": null
                    }
                ],
                "possibleTypes": null
            },
            {
                "kind": "OBJECT",
                "name": "__Field",
                "description": "Object and Interface types are described by a list of Fields, each of which has a name, potentially a list of arguments, and a return type.",
                "fields": [
                    {
                        "name": "name",
                        "description": null,
                        "args": [],
                        "type": {
                            "kind": "NON_NULL",
                            "name": null,
                            "ofType": {
                                "kind": "SCALAR",
                                "name": "String",
                                "ofType": null
                            }
                        },
                        "isDeprecated": false,
                        "deprecationReason": null
                    },
                    {
                        "name": "description",
                        "description": null,
                        "args": [],
                        "type": {
                            "kind": "SCALAR",
                            "name": "String",
                            "ofType": null
                        },
                        "isDeprecated": false,
                        "deprecationReason": null
                    },
                    {
                        "name": "args",
                        "description": null,
                        "args": [],
                        "type": {
                            "kind": "NON_NULL",
                            "name": null,
                            "ofType": {
                                "kind": "LIST",
                                "name": null,
                                "ofType": {
                                    "kind": "NON_NULL",
                                    "name": null,
                                    "ofType": {
                                        "kind": "OBJECT",
                                        "name": "__InputValue",
                                        "ofType": null
                                    }
                                }
                            }
                        },
                        "isDeprecated": false,
                        "deprecationReason": null
                    },
                    {
                        "name": "type",
                        "description": null,
                        "args": [],
                        "type": {
                            "kind": "NON_NULL",
                            "name": null,
                            "ofType": {
                                "kind": "OBJECT",
                                "name": "__Type",
                                "ofType": null
                            }
                        },
                        "isDeprecated": false,
                        "deprecationReason": null
                    },
                    {
                        "name": "isDeprecated",
                        "description": null,
                        "args": [],
                        "type": {
                            "kind": "NON_NULL",
                            "name": null,
                            "ofType": {
                                "kind": "SCALAR",
                                "name": "Boolean",
                                "ofType": null
                            }
                        },
                        "isDeprecated": false,
                        "deprecationReason": null
                    },
                    {
                        "name": "deprecationReason",
                        "description": null,
                        "args": [],
                        "type": {
                            "kind": "SCALAR",
                            "name": "String",
                            "ofType": null
                        },
                        "isDeprecated": false,
                        "deprecationReason": null
                    }
                ],
                "inputFields": null,
                "interfaces": [],
                "enumValues": null,
                "possibleTypes": null
            },
            {
                "kind": "OBJECT",
                "name": "__InputValue",
                "description": "Arguments provided to Fields or Directives and the input fields of an InputObject are represented as Input Values which describe their type and optionally a default value.",
                "fields": [
                    {
                        "name": "name",
                        "description": null,
                        "args": [],
                        "type": {
                            "kind": "NON_NULL",
                            "name": null,
                            "ofType": {
                                "kind": "SCALAR",
                                "name": "String",
                                "ofType": null
                            }
                        },
                        "isDeprecated": false,
                        "deprecationReason": null
                    },
                    {
                        "name": "description",
                        "description": null,
                        "args": [],
                        "type": {
                            "kind": "SCALAR",
                            "name": "String",
                            "ofType": null
                        },
                        "isDeprecated": false,
                        "deprecationReason": null
                    },
                    {
                        "name": "type",
                        "description": null,
                        "args": [],
                        "type": {
                            "kind": "NON_NULL",
                            "name": null,
                            "ofType": {
                                "kind": "OBJECT",
                                "name": "__Type",
                                "ofType": null
                            }
                        },
                        "isDeprecated": false,
                        "deprecationReason": null
                    },
                    {
                        "name": "defaultValue",
                        "description": "A GraphQL-formatted string representing the default value for this input value.",
                        "args": [],
                        "type": {
                            "kind": "SCALAR",
                            "name": "String",
                            "ofType": null
                        },
                        "isDeprecated": false,
                        "deprecationReason": null
                    }
                ],
                "inputFields": null,
                "interfaces": [],
                "enumValues": null,
                "possibleTypes": null
            },
            {
                "kind": "OBJECT",
                "name": "__EnumValue",
                "description": "One possible value for a given Enum. Enum values are unique values, not a placeholder for a string or numeric value. However an Enum value is returned in a JSON response as a string.",
                "fields": [
                    {
                        "name": "name",
                        "description": null,
                        "args": [],
                        "type": {
                            "kind": "NON_NULL",
                            "name": null,
                            "ofType": {
                                "kind": "SCALAR",
                                "name": "String",
                                "ofType": null
                            }
                        },
                        "isDeprecated": false,
                        "deprecationReason": null
                    },
                    {
                        "name": "description",
                        "description": null,
                        "args": [],
                        "type": {
                            "kind": "SCALAR",
                            "name": "String",
                            "ofType": null
                        },
                        "isDeprecated": false,
                        "deprecationReason": null
                    },
                    {
                        "name": "isDeprecated",
                        "description": null,
                        "args": [],
                        "type": {
                            "kind": "NON_NULL",
                            "name": null,
                            "ofType": {
                                "kind": "SCALAR",
                                "name": "Boolean",
                                "ofType": null
                            }
                        },
                        "isDeprecated": false,
                        "deprecationReason": null
                    },
                    {
                        "name": "deprecationReason",
                        "description": null,
                        "args": [],
                        "type": {
                            "kind": "SCALAR",
                            "name": "String",
                            "ofType": null
                        },
                        "isDeprecated": false,
                        "deprecationReason": null
                    }
                ],
                "inputFields": null,
                "interfaces": [],
                "enumValues": null,
                "possibleTypes": null
            },
            {
                "kind": "OBJECT",
                "name": "__Directive",
                "description": "A Directive provides a way to describe alternate runtime execution and type validation behavior in a GraphQL document.\n\nIn some cases, you need to provide options to alter GraphQL's execution behavior in ways field arguments will not suffice, such as conditionally including or skipping a field. Directives provide this by describing additional information to the executor.",
                "fields": [
                    {
                        "name": "name",
                        "description": null,
                        "args": [],
                        "type": {
                            "kind": "NON_NULL",
                            "name": null,
                            "ofType": {
                                "kind": "SCALAR",
                                "name": "String",
                                "ofType": null
                            }
                        },
                        "isDeprecated": false,
                        "deprecationReason": null
                    },
                    {
                        "name": "description",
                        "description": null,
                        "args": [],
                        "type": {
                            "kind": "SCALAR",
                            "name": "String",
                            "ofType": null
                        },
                        "isDeprecated": false,
                        "deprecationReason": null
                    },
                    {
                        "name": "locations",
                        "description": null,
                        "args": [],
                        "type": {
                            "kind": "NON_NULL",
                            "name": null,
                            "ofType": {
                                "kind": "LIST",
                                "name": null,
                                "ofType": {
                                    "kind": "NON_NULL",
                                    "name": null,
                                    "ofType": {
                                        "kind": "ENUM",
                                        "name": "__DirectiveLocation",
                                        "ofType": null
                                    }
                                }
                            }
                        },
                        "isDeprecated": false,
                        "deprecationReason": null
                    },
                    {
                        "name": "args",
                        "description": null,
                        "args": [],
                        "type": {
                            "kind": "NON_NULL",
                            "name": null,
                            "ofType": {
                                "kind": "LIST",
                                "name": null,
                                "ofType": {
                                    "kind": "NON_NULL",
                                    "name": null,
                                    "ofType": {
                                        "kind": "OBJECT",
                                        "name": "__InputValue",
                                        "ofType": null
                                    }
                                }
                            }
                        },
                        "isDeprecated": false,
                        "deprecationReason": null
                    }
                ],
                "inputFields": null,
                "interfaces": [],
                "enumValues": null,
                "possibleTypes": null
            },
            {
                "kind": "ENUM",
                "name": "__DirectiveLocation",
                "description": "A Directive can be adjacent to many parts of the GraphQL language, a __DirectiveLocation describes one such possible adjacencies.",
                "fields": null,
                "inputFields": null,
                "interfaces": null,
                "enumValues": [
                    {
                        "name": "QUERY",
                        "description": "Location adjacent to a query operation.",
                        "isDeprecated": false,
                        "deprecationReason": null
                    },
                    {
                        "name": "MUTATION",
                        "description": "Location adjacent to a mutation operation.",
                        "isDeprecated": false,
                        "deprecationReason": null
                    },
                    {
                        "name": "SUBSCRIPTION",
                        "description": "Location adjacent to a subscription operation.",
                        "isDeprecated": false,
                        "deprecationReason": null
                    },
                    {
                        "name": "FIELD",
                        "description": "Location adjacent to a field.",
                        "isDeprecated": false,
                        "deprecationReason": null
                    },
                    {
                        "name": "FRAGMENT_DEFINITION",
                        "description": "Location adjacent to a fragment definition.",
                        "isDeprecated": false,
                        "deprecationReason": null
                    },
                    {
                        "name": "FRAGMENT_SPREAD",
                        "description": "Location adjacent to a fragment spread.",
                        "isDeprecated": false,
                        "deprecationReason": null
                    },
                    {
                        "name": "INLINE_FRAGMENT",
                        "description": "Location adjacent to an inline fragment.",
                        "isDeprecated": false,
                        "deprecationReason": null
                    },
                    {
                        "name": "VARIABLE_DEFINITION",
                        "description": "Location adjacent to a variable definition.",
                        "isDeprecated": false,
                        "deprecationReason": null
                    },
                    {
                        "name": "SCHEMA",
                        "description": "Location adjacent to a schema definition.",
                        "isDeprecated": false,
                        "deprecationReason": null
                    },
                    {
                        "name": "SCALAR",
                        "description": "Location adjacent to a scalar definition.",
                        "isDeprecated": false,
                        "deprecationReason": null
                    },
                    {
                        "name": "OBJECT",
                        "description": "Location adjacent to an object type definition.",
                        "isDeprecated": false,
                        "deprecationReason": null
                    },
                    {
                        "name": "FIELD_DEFINITION",
                        "description": "Location adjacent to a field definition.",
                        "isDeprecated": false,
                        "deprecationReason": null
                    },
                    {
                        "name": "ARGUMENT_DEFINITION",
                        "description": "Location adjacent to an argument definition.",
                        "isDeprecated": false,
                        "deprecationReason": null
                    },
                    {
                        "name": "INTERFACE",
                        "description": "Location adjacent to an interface definition.",
                        "isDeprecated": false,
                        "deprecationReason": null
                    },
                    {
                        "name": "UNION",
                        "description": "Location adjacent to a union definition.",
                        "isDeprecated": false,
                        "deprecationReason": null
                    },
                    {
                        "name": "ENUM",
                        "description": "Location adjacent to an enum definition.",
                        "isDeprecated": false,
                        "deprecationReason": null
                    },
                    {
                        "name": "ENUM_VALUE",
                        "description": "Location adjacent to an enum value definition.",
                        "isDeprecated": false,
                        "deprecationReason": null
                    },
                    {
                        "name": "INPUT_OBJECT",
                        "description": "Location adjacent to an input object type definition.",
                        "isDeprecated": false,
                        "deprecationReason": null
                    },
                    {
                        "name": "INPUT_FIELD_DEFINITION",
                        "description": "Location adjacent to an input object field definition.",
                        "isDeprecated": false,
                        "deprecationReason": null
                    }
                ],
                "possibleTypes": null
            },
            {
                "kind": "SCALAR",
                "name": "AWSDate",
                "description": null,
                "fields": null,
                "inputFields": null,
                "interfaces": null,
                "enumValues": null,
                "possibleTypes": null
            },
            {
                "kind": "SCALAR",
                "name": "AWSTime",
                "description": null,
                "fields": null,
                "inputFields": null,
                "interfaces": null,
                "enumValues": null,
                "possibleTypes": null
            },
            {
                "kind": "SCALAR",
                "name": "AWSTimestamp",
                "description": null,
                "fields": null,
                "inputFields": null,
                "interfaces": null,
                "enumValues": null,
                "possibleTypes": null
            },
            {
                "kind": "SCALAR",
                "name": "AWSEmail",
                "description": null,
                "fields": null,
                "inputFields": null,
                "interfaces": null,
                "enumValues": null,
                "possibleTypes": null
            },
            {
                "kind": "SCALAR",
                "name": "AWSJSON",
                "description": null,
                "fields": null,
                "inputFields": null,
                "interfaces": null,
                "enumValues": null,
                "possibleTypes": null
            },
            {
                "kind": "SCALAR",
                "name": "AWSURL",
                "description": null,
                "fields": null,
                "inputFields": null,
                "interfaces": null,
                "enumValues": null,
                "possibleTypes": null
            },
            {
                "kind": "SCALAR",
                "name": "AWSPhone",
                "description": null,
                "fields": null,
                "inputFields": null,
                "interfaces": null,
                "enumValues": null,
                "possibleTypes": null
            },
            {
                "kind": "SCALAR",
                "name": "AWSIPAddress",
                "description": null,
                "fields": null,
                "inputFields": null,
                "interfaces": null,
                "enumValues": null,
                "possibleTypes": null
            },
            {
                "kind": "SCALAR",
                "name": "BigInt",
                "description": null,
                "fields": null,
                "inputFields": null,
                "interfaces": null,
                "enumValues": null,
                "possibleTypes": null
            },
            {
                "kind": "SCALAR",
                "name": "Double",
                "description": null,
                "fields": null,
                "inputFields": null,
                "interfaces": null,
                "enumValues": null,
                "possibleTypes": null
            },
            {
                "kind": "ENUM",
                "name": "ModelSortDirection",
                "description": null,
                "fields": null,
                "inputFields": null,
                "interfaces": null,
                "enumValues": [
                    {
                        "name": "ASC",
                        "description": null,
                        "isDeprecated": false,
                        "deprecationReason": null
                    },
                    {
                        "name": "DESC",
                        "description": null,
                        "isDeprecated": false,
                        "deprecationReason": null
                    }
                ],
                "possibleTypes": null
            },
            {
                "kind": "INPUT_OBJECT",
                "name": "ModelIntInput",
                "description": null,
                "fields": null,
                "inputFields": [
                    {
                        "name": "ne",
                        "description": null,
                        "type": {
                            "kind": "SCALAR",
                            "name": "Int",
                            "ofType": null
                        },
                        "defaultValue": null
                    },
                    {
                        "name": "eq",
                        "description": null,
                        "type": {
                            "kind": "SCALAR",
                            "name": "Int",
                            "ofType": null
                        },
                        "defaultValue": null
                    },
                    {
                        "name": "le",
                        "description": null,
                        "type": {
                            "kind": "SCALAR",
                            "name": "Int",
                            "ofType": null
                        },
                        "defaultValue": null
                    },
                    {
                        "name": "lt",
                        "description": null,
                        "type": {
                            "kind": "SCALAR",
                            "name": "Int",
                            "ofType": null
                        },
                        "defaultValue": null
                    },
                    {
                        "name": "ge",
                        "description": null,
                        "type": {
                            "kind": "SCALAR",
                            "name": "Int",
                            "ofType": null
                        },
                        "defaultValue": null
                    },
                    {
                        "name": "gt",
                        "description": null,
                        "type": {
                            "kind": "SCALAR",
                            "name": "Int",
                            "ofType": null
                        },
                        "defaultValue": null
                    },
                    {
                        "name": "between",
                        "description": null,
                        "type": {
                            "kind": "LIST",
                            "name": null,
                            "ofType": {
                                "kind": "SCALAR",
                                "name": "Int",
                                "ofType": null
                            }
                        },
                        "defaultValue": null
                    },
                    {
                        "name": "attributeExists",
                        "description": null,
                        "type": {
                            "kind": "SCALAR",
                            "name": "Boolean",
                            "ofType": null
                        },
                        "defaultValue": null
                    },
                    {
                        "name": "attributeType",
                        "description": null,
                        "type": {
                            "kind": "ENUM",
                            "name": "ModelAttributeTypes",
                            "ofType": null
                        },
                        "defaultValue": null
                    }
                ],
                "interfaces": null,
                "enumValues": null,
                "possibleTypes": null
            },
            {
                "kind": "INPUT_OBJECT",
                "name": "ModelFloatInput",
                "description": null,
                "fields": null,
                "inputFields": [
                    {
                        "name": "ne",
                        "description": null,
                        "type": {
                            "kind": "SCALAR",
                            "name": "Float",
                            "ofType": null
                        },
                        "defaultValue": null
                    },
                    {
                        "name": "eq",
                        "description": null,
                        "type": {
                            "kind": "SCALAR",
                            "name": "Float",
                            "ofType": null
                        },
                        "defaultValue": null
                    },
                    {
                        "name": "le",
                        "description": null,
                        "type": {
                            "kind": "SCALAR",
                            "name": "Float",
                            "ofType": null
                        },
                        "defaultValue": null
                    },
                    {
                        "name": "lt",
                        "description": null,
                        "type": {
                            "kind": "SCALAR",
                            "name": "Float",
                            "ofType": null
                        },
                        "defaultValue": null
                    },
                    {
                        "name": "ge",
                        "description": null,
                        "type": {
                            "kind": "SCALAR",
                            "name": "Float",
                            "ofType": null
                        },
                        "defaultValue": null
                    },
                    {
                        "name": "gt",
                        "description": null,
                        "type": {
                            "kind": "SCALAR",
                            "name": "Float",
                            "ofType": null
                        },
                        "defaultValue": null
                    },
                    {
                        "name": "between",
                        "description": null,
                        "type": {
                            "kind": "LIST",
                            "name": null,
                            "ofType": {
                                "kind": "SCALAR",
                                "name": "Float",
                                "ofType": null
                            }
                        },
                        "defaultValue": null
                    },
                    {
                        "name": "attributeExists",
                        "description": null,
                        "type": {
                            "kind": "SCALAR",
                            "name": "Boolean",
                            "ofType": null
                        },
                        "defaultValue": null
                    },
                    {
                        "name": "attributeType",
                        "description": null,
                        "type": {
                            "kind": "ENUM",
                            "name": "ModelAttributeTypes",
                            "ofType": null
                        },
                        "defaultValue": null
                    }
                ],
                "interfaces": null,
                "enumValues": null,
                "possibleTypes": null
            },
            {
                "kind": "SCALAR",
                "name": "Float",
                "description": "The `Float` scalar type represents signed double-precision fractional values as specified by [IEEE 754](https://en.wikipedia.org/wiki/IEEE_floating_point).",
                "fields": null,
                "inputFields": null,
                "interfaces": null,
                "enumValues": null,
                "possibleTypes": null
            },
            {
                "kind": "INPUT_OBJECT",
                "name": "ModelBooleanInput",
                "description": null,
                "fields": null,
                "inputFields": [
                    {
                        "name": "ne",
                        "description": null,
                        "type": {
                            "kind": "SCALAR",
                            "name": "Boolean",
                            "ofType": null
                        },
                        "defaultValue": null
                    },
                    {
                        "name": "eq",
                        "description": null,
                        "type": {
                            "kind": "SCALAR",
                            "name": "Boolean",
                            "ofType": null
                        },
                        "defaultValue": null
                    },
                    {
                        "name": "attributeExists",
                        "description": null,
                        "type": {
                            "kind": "SCALAR",
                            "name": "Boolean",
                            "ofType": null
                        },
                        "defaultValue": null
                    },
                    {
                        "name": "attributeType",
                        "description": null,
                        "type": {
                            "kind": "ENUM",
                            "name": "ModelAttributeTypes",
                            "ofType": null
                        },
                        "defaultValue": null
                    }
                ],
                "interfaces": null,
                "enumValues": null,
                "possibleTypes": null
            }
        ],
        "directives": [
            {
                "name": "aws_subscribe",
                "description": null,
                "locations": [
                    "FIELD_DEFINITION"
                ],
                "args": [
                    {
                        "name": "mutations",
                        "description": null,
                        "type": {
                            "kind": "NON_NULL",
                            "name": null,
                            "ofType": {
                                "kind": "LIST",
                                "name": null,
                                "ofType": {
                                    "kind": "NON_NULL",
                                    "name": null,
                                    "ofType": {
                                        "kind": "SCALAR",
                                        "name": "String",
                                        "ofType": null
                                    }
                                }
                            }
                        },
                        "defaultValue": null
                    }
                ]
            },
            {
                "name": "deprecated",
                "description": null,
                "locations": [
                    "FIELD_DEFINITION",
                    "INPUT_FIELD_DEFINITION",
                    "ENUM",
                    "ENUM_VALUE"
                ],
                "args": [
                    {
                        "name": "reason",
                        "description": null,
                        "type": {
                            "kind": "SCALAR",
                            "name": "String",
                            "ofType": null
                        },
                        "defaultValue": null
                    }
                ]
            },
            {
                "name": "aws_auth",
                "description": null,
                "locations": [
                    "FIELD_DEFINITION"
                ],
                "args": [
                    {
                        "name": "cognito_groups",
                        "description": null,
                        "type": {
                            "kind": "NON_NULL",
                            "name": null,
                            "ofType": {
                                "kind": "LIST",
                                "name": null,
                                "ofType": {
                                    "kind": "NON_NULL",
                                    "name": null,
                                    "ofType": {
                                        "kind": "SCALAR",
                                        "name": "String",
                                        "ofType": null
                                    }
                                }
                            }
                        },
                        "defaultValue": null
                    }
                ]
            },
            {
                "name": "aws_api_key",
                "description": null,
                "locations": [
                    "FIELD_DEFINITION",
                    "OBJECT"
                ],
                "args": []
            },
            {
                "name": "aws_iam",
                "description": null,
                "locations": [
                    "FIELD_DEFINITION",
                    "OBJECT"
                ],
                "args": []
            },
            {
                "name": "aws_oidc",
                "description": null,
                "locations": [
                    "FIELD_DEFINITION",
                    "OBJECT"
                ],
                "args": []
            },
            {
                "name": "aws_cognito_user_pools",
                "description": null,
                "locations": [
                    "FIELD_DEFINITION",
                    "OBJECT"
                ],
                "args": [
                    {
                        "name": "cognito_groups",
                        "description": null,
                        "type": {
                            "kind": "LIST",
                            "name": null,
                            "ofType": {
                                "kind": "NON_NULL",
                                "name": null,
                                "ofType": {
                                    "kind": "SCALAR",
                                    "name": "String",
                                    "ofType": null
                                }
                            }
                        },
                        "defaultValue": null
                    }
                ]
            },
            {
                "name": "skip",
                "description": "Directs the executor to skip this field or fragment when the `if` argument is true.",
                "locations": [
                    "FIELD",
                    "FRAGMENT_SPREAD",
                    "INLINE_FRAGMENT"
                ],
                "args": [
                    {
                        "name": "if",
                        "description": "Skipped when true.",
                        "type": {
                            "kind": "NON_NULL",
                            "name": null,
                            "ofType": {
                                "kind": "SCALAR",
                                "name": "Boolean",
                                "ofType": null
                            }
                        },
                        "defaultValue": null
                    }
                ]
            },
            {
                "name": "include",
                "description": "Directs the executor to include this field or fragment only when the `if` argument is true.",
                "locations": [
                    "FIELD",
                    "FRAGMENT_SPREAD",
                    "INLINE_FRAGMENT"
                ],
                "args": [
                    {
                        "name": "if",
                        "description": "Included when true.",
                        "type": {
                            "kind": "NON_NULL",
                            "name": null,
                            "ofType": {
                                "kind": "SCALAR",
                                "name": "Boolean",
                                "ofType": null
                            }
                        },
                        "defaultValue": null
                    }
                ]
            }
        ]
    }
}