{
  "dev": {
    "awscloudformation": {
      "AuthRoleName": "amplify-taskmaster-dev-203032-authRole",
      "UnauthRoleArn": "arn:aws:iam::300903124465:role/amplify-taskmaster-dev-203032-unauthRole",
      "AuthRoleArn": "arn:aws:iam::300903124465:role/amplify-taskmaster-dev-203032-authRole",
      "Region": "us-east-1",
      "DeploymentBucketName": "amplify-taskmaster-dev-203032-deployment",
      "UnauthRoleName": "amplify-taskmaster-dev-203032-unauthRole",
      "StackName": "amplify-taskmaster-dev-203032",
      "StackId": "arn:aws:cloudformation:us-east-1:300903124465:stack/amplify-taskmaster-dev-203032/afc16710-feb7-11eb-8541-0a71dc7a3521",
      "AmplifyAppId": "d2p7xc029vupc1"
    }
  }
}